<theme>
    <view name="system">
        <text name="info1">
            <text>Manufacturer:  Apple Computer, Inc.</text>
        </text>
        <text name="info2">
            <text>Released:  1986</text>
        </text>
        <text name="info3">
            <text>OS:  Apple ProDOS, Apple GS/OS, GNO/ME</text>
        </text>
        <text name="info4">
            <text>CPU:  16-bit Western Design Center 65C816 @ 2.8 MHz</text>
        </text>
        <text name="info5">
            <text>RAM:  256 KB or 1 MB (expandable to 8 MB)</text>
        </text>
        <text name="info6">
            <text>ROM:  128 KB expandable to 1 MB</text>
        </text>
        <text name="info7">
            <text>Resolution:  320×200 or 640×200 pixels, 4096 color palette</text>
        </text>
        <text name="info8">
            <text>Sound:  Ensoniq ES5503 DOC, 32 channels, stereo</text>
        </text>
    </view>
</theme>