<theme>
    <view name="system">
        <text name="info1">
            <text>Designer:  Daisuke Amaya</text>
        </text>
        <text name="info2">
            <text>Developer:  Studio Pixel</text>
        </text>
        <text name="info3">
            <text>Type:  Freeware platform-adventure</text>
        </text>
        <text name="info4">
            <text>Origin:  Japan</text>
        </text>
        <text name="info5">
            <text>English translation:  Aeon Genesis Translations</text>
        </text>
        <text name="info6">
            <text>Released:  2004</text>
        </text>
        <text name="info7">
            <text>The game focuses on an amnesiac protagonist who awakens in a cave. Through his</text>
        </text>
        <text name="info8">
            <text>explorations, he discovers a plot by the Doctor, a megalomaniac who intends to force</text>
        </text>
        <text name="info9">
            <text>the inhabitants of the cave to fight for him in his bid to conquer the world. The</text>
        </text>
        <text name="info10">
            <text>protagonist is thrust into the position of savior as he endeavors to defeat the Doctor.</text>
        </text>
    </view>
</theme>