<theme>
    <view name="system">
        <text name="info1">
            <text>Manufacturer:  Commodore International</text>
        </text>
        <text name="info2">
            <text>Released:  1991</text>
        </text>
        <text name="info3">
            <text>OS:  CDTV / AmigaOS 1.3</text>
        </text>
        <text name="info4">
            <text>CPU:  16/32-bit Motorola 68000 @ 7.09 MHz (PAL) / 7.16 MHz (NTSC)</text>
        </text>
        <text name="info5">
            <text>RAM:  1 MB (upgradable)</text>
        </text>
        <text name="info6">
            <text>ROM:  256 KB Kickstart 2.5 and 256 KB CDTV firmware</text>
        </text>
        <text name="info7">
            <text>Chipset:  Enhanced Chip Set (ECS)</text>
        </text>
        <text name="info8">
            <text>Resolution:  320×200 pixels, 32 colors / 640×240 pixels, 16 colors</text>
        </text>
        <text name="info9">
            <text>Sound:  Paula, 4 channels, 8-bit stereo PCM</text>
        </text>
    </view>
</theme>