<theme>
    <view name="system">
        <text name="info1">
            <text>Manufacturer:  Coleco</text>
        </text>
        <text name="info2">
            <text>Released:  1982</text>
        </text>
        <text name="info3">
            <text>Units sold:  2+ million</text>
        </text>
        <text name="info4">
            <text>Best-selling game:  Donkey Kong</text>
        </text>
        <text name="info5">
            <text>CPU:  8-bit Zilog Z80 @ 3.58 MHz</text>
        </text>
        <text name="info6">
            <text>RAM:  1 KB / VRAM:  16 KB</text>
        </text>
        <text name="info7">
            <text>Graphics:  Texas Instruments TMS9928A</text>
        </text>
        <text name="info8">
            <text>Resolution:  256×192 pixels, 16 colors</text>
        </text>
        <text name="info9">
            <text>Sound:  Texas Instruments SN76489A</text>
        </text>
        <text name="info10">
            <text>Cart size:  8 to 32 KB</text>
        </text>
    </view>
</theme>