<theme>
    <view name="system">
        <text name="info1">
            <text>Manufacturer:  Mattel Electronics</text>
        </text>
        <text name="info2">
            <text>Released:  1979</text>
        </text>
        <text name="info3">
            <text>Units sold:  3+ million</text>
        </text>
        <text name="info4">
            <text>Best-selling game:  Las Vegas Poker &amp; Blackjack</text>
        </text>
        <text name="info5">
            <text>CPU:  16-bit GI CP1610 @ 894.886 kHz</text>
        </text>
        <text name="info6">
            <text>RAM:  1 KB</text>
        </text>
        <text name="info7">
            <text>Graphics:  General Instrument AY-3-8900-1</text>
        </text>
        <text name="info8">
            <text>Resolution:  159×96 pixels, 16 colors</text>
        </text>
        <text name="info9">
            <text>Sound:  General Instrument AY-3-8914</text>
        </text>
        <text name="info10">
            <text>Cart size:  8 to 32 KB</text>
        </text>
    </view>
</theme>