<theme>
    <view name="system">
        <text name="info1">
            <text>Manufacturer:  Apple Computer, Inc.</text>
        </text>
        <text name="info2">
            <text>Released:  1984</text>
        </text>
        <text name="info3">
            <text>OS:  System Software 1.0</text>
        </text>
        <text name="info4">
            <text>CPU:  16-bit Motorola 68000 @ 7.8336 MHz</text>
        </text>
        <text name="info5">
            <text>RAM:  128 KB</text>
        </text>
        <text name="info6">
            <text>ROM:  64 KB</text>
        </text>
        <text name="info7">
            <text>Display:  Built-in 9-inch monochrome CRT</text>
        </text>
        <text name="info8">
            <text>Resolution:  512×342 pixels, 65536 colors</text>
        </text>
        <text name="info9">
            <text>Sound:  8 TTL chips implementing a video and sound DMA controller</text>
        </text>
    </view>
</theme>