<theme>
    <view name="system">
        <text name="info1">
            <text>Manufacturer:  Tangerine Computer Systems</text>
        </text>
        <text name="info2">
            <text>Released:  1982</text>
        </text>
        <text name="info3">
            <text>Units sold:  210,000</text>
        </text>
        <text name="info4">
            <text>OS:  Tangerine/Microsoft Extended BASIC v1.0</text>
        </text>
        <text name="info5">
            <text>CPU:  8-bit MOS 6502 @ 1 MHz</text>
        </text>
        <text name="info6">
            <text>RAM:  16 or 48 KB</text>
        </text>
        <text name="info7">
            <text>Graphics:  40×28 text characters / 240×200 pixels, 8 colours</text>
        </text>
        <text name="info8">
            <text>Media:  Cassette recorder, 300 and 2400 baud</text>
        </text>

    </view>
</theme>