<theme>
    <view name="system">
        <text name="info1">
            <text>Manufacturer:  Sega</text>
        </text>
        <text name="info2">
            <text>Released:  1994</text>
        </text>
        <text name="info3">
            <text>Units sold:  9.26 million</text>
        </text>
        <text name="info4">
            <text>Best-selling game:  Virtua Fighter 2</text>
        </text>
        <text name="info5">
            <text>CPU:  2 x Hitachi SH-2 @ 28.6 MHz</text>
        </text>
        <text name="info6">
            <text>RAM:  2 MB / VRAM:  1.5 MB</text>
        </text>
        <text name="info7">
            <text>Graphics:  VDP1 (sprite/texture and polygons), VDP2 (backgrounds)</text>
        </text>
        <text name="info8">
            <text>Resolution:  320×224 to 704×224 pixels, 16.77 million colors</text>
        </text>
        <text name="info9">
            <text>Sound:  Motorola 68EC000 + Yamaha FH1 YMF292, 32 channels</text>
        </text>
        <text name="info10">
            <text>Media:  CD-ROM</text>
        </text>
    </view>
</theme>