<theme>
    <view name="system">
        <text name="info1">
            <text>Manufacturer:  Spectravideo International</text>
        </text>
        <text name="info2">
            <text>Released:  1983</text>
        </text>
        <text name="info3">
            <text>OS:  Microsoft Extended BASIC, CP/M</text>
        </text>
        <text name="info4">
            <text>CPU:  8-bit Zilog Z80A @ 3.58 MHz</text>
        </text>
        <text name="info5">
            <text>RAM:  16 KB (SV-318) or 64 KB (SV-328) / VRAM:  16 KB</text>
        </text>
        <text name="info6">
            <text>ROM:  32 KB (16 KB BIOS / 16 KB BASIC)</text>
        </text>
        <text name="info7">
            <text>Graphics:  TI TMS9918</text>
        </text>
        <text name="info8">
            <text>Resolution:  256×192 pixels, 16 colors</text>
        </text>
        <text name="info9">
            <text>Sound:  General Instrument AY-3-8910 (PSG)</text>
        </text>
        <text name="info10">
            <text>Media:  Cartridge, cassette</text>
        </text>
    </view>
</theme>