<theme>

    <view name="system, gamelist">
        <image name="topline">
            <size>0.8 2.2</size>
            <pos>0.009 0.5</pos>
            <origin>0.5 0.5</origin>
            <path>./assets/circle.svg</path>
            <tile>false</tile>
            <color>${outlineColor1}</color>
        </image>
        <image name="topline2">
            <size>0.8 2</size>
            <pos>-.283 0.5</pos>
            <origin>0.5 0.5</origin>
            <path>./assets/circle.svg</path>
            <tile>false</tile>
            <color>${outlineColor1}</color>
        </image>
        <image name="controller">
            <pos>0.042 0.305</pos>
            <maxSize>0.07 0.07</maxSize>
            <origin>0.5 0.5</origin>
            <path>./assets/controllers/${system.theme}.svg</path>
            <tile>false</tile>
            <color>${outlineColor1}</color>
            <zIndex>54</zIndex>
          </image>
          <image name="topline6">
            <size>0.65 1</size>
            <rotation>180</rotation>
            <pos>0.705 0.5</pos>
            <origin>0.5 0.5</origin>
            <path>./assets/circle2.svg</path>
            <tile>false</tile>
            <color>${backgroundColor}</color>
            <zIndex>3</zIndex>
        </image>

        
          <image name="controller1">
            <pos>0.042 0.695</pos>
            <maxSize>0.07 0.08</maxSize>
            <origin>0.5 0.5</origin>
            <rotation>180</rotation>
            <path>./assets/controllers/${system.theme}.svg</path>
            <tile>false</tile>
            <color>${outlineColor1}</color>
            <zIndex>54</zIndex>
          </image>
    </view>
   

    <view name="gamelist">
        <text name="collectionsSystemName">
           <fontSize>0.025</fontSize>
        </text>
        <text name="player1">
			<metadata>players</metadata>
			<fontPath>${mainFont}</fontPath>
			<fontSize>0.03</fontSize>
			<color>${outlineColor1}</color>
			<pos>0.75 0.24</pos>
		</text>
        <rating name="rating">
            <pos>0.81 0.25</pos>
            <size>0.08 0.025</size>
        </rating>
        <badges name="all">
            <pos>0.935 0.05</pos>
            <size>0.1 .9</size>
        </badges>
        <badges name="all2">
            <pos>0.91 0.35</pos>
            <size>0.1 .3</size>
        </badges>
        <image name="background3">
            <pos>0.62 0.96</pos>
            <size>0.38 0.04</size>
            <origin>0 0</origin>
            <path>./assets/box.png</path>
            <tile>false</tile>
            <color>${outlineColor1}</color>
            <zIndex>4</zIndex>
          </image>
    </view>
    <variant name="withoutVideo">
		<view name="gamelist">
			<image name="cover9">
				<pos>0.501 0.5</pos>
				<origin>.5 0.5</origin>
				<maxSize>.2 0.4</maxSize>
				<imageType>physicalmedia, screenshot</imageType>
				<zIndex>2</zIndex>
			</image>
		</view>
	</variant>    
</theme>