<theme>

    <view name="system">    
			<text name="info1, info2, info3, info4, info5, info6, info7, info8, info9, info10">
				<size>0.6 0.03</size>
				<fontPath>${mainFont}</fontPath>
				<fontSize>0.021</fontSize>
			</text>
            <text name="info1">
				<pos>0.651 0.32</pos>
			</text>
			<text name="info2">
				<pos>0.648 0.36</pos>
			</text>
			<text name="info3">
				<pos>0.645 0.4</pos>
			</text>
			<text name="info4">
				<pos>0.642 0.44</pos>
			</text>
			<text name="info5">
				<pos>0.639 0.48</pos>
			</text>
			<text name="info6">
				<pos>0.639 0.52</pos>
			</text>
			<text name="info7">
				<pos>0.642 0.56</pos>
			</text>
			<text name="info8">
				<pos>0.645 0.6</pos>
			</text>
			<text name="info9">
				<pos>0.648 0.64</pos>
			</text>
			<text name="info10">
				<pos>0.651 0.68</pos>
			</text>
            <text name="gamecount">
				<fontSize>0.05</fontSize>
				</text>
			<text name="gamecount2">
				<fontSize>0.05</fontSize>
			</text>
            
            <image name="background3">
                <pos>0.705 0.96</pos>
                <size>0.4 0.04</size>
                <origin>0 0</origin>
                <path>./assets/box.png</path>
                <tile>false</tile>
                <color>${outlineColor1}</color>
                <zIndex>6</zIndex>
              </image>
    </view>
    <view name="system, gamelist">
        <image name="cover1">
            <pos>0.5 0</pos>
            <origin>0.5 00</origin>
            <size>0.45 0.3</size>
        </image>
        
        <image name="cover2">
            <pos>0.5 0.3</pos>
            <origin>.5 0</origin>
            <size>.45 0.4</size>
        </image>
        <image name="cover3">
            <pos>0.5 0.7</pos>
            <origin>.5 0</origin>
            <size>.45 0.3</size>
        </image>
        
        <image name="topline">
            <size>0.8 1.6</size>
            <pos>0.01 0.5</pos>
            <origin>0.5 0.5</origin>
            <path>./assets/circle.svg</path>
            <tile>false</tile>
            <color>${outlineColor1}</color>
        </image>
        <image name="topline2">
            <size>0.8 1.5</size>
            <pos>-.28 0.5</pos>
            <origin>0.5 0.5</origin>
            <path>./assets/circle.svg</path>
            <tile>false</tile>
            <color>${outlineColor1}</color>
        </image>
        <image name="topline3">
            <size>0.6 0.7</size>
            <pos>0.28 0.3</pos>
            <rotation>-7</rotation>
            <origin>0.5 0.5</origin>
            <path>./assets/circle2.svg</path>
            <tile>false</tile>
            <color>${backgroundColor}</color>
            <zIndex>3</zIndex>
        </image>
        <image name="topline4">
            <size>1.4 2.2</size>
            <rotation>180</rotation>
            <pos>1.3 0.5</pos>
            <origin>0.5 0.5</origin>
            <path>./assets/circle.svg</path>
            <tile>false</tile>
            <color>${outlineColor1}</color>
            <zIndex>3</zIndex>
        </image>
        <image name="topline6">
            <size>1.9 1</size>
            <rotation>180</rotation>
            <pos>0.805 0.5</pos>
            <origin>0.5 0.5</origin>
            <path>./assets/circle2.svg</path>
            <tile>false</tile>
            <color>${backgroundColor}</color>
            <zIndex>4</zIndex>
        </image>
        <image name="topline8">
            <size>0.6 0.7</size>
            <pos>0.28 0.7</pos>
            <rotation>7</rotation>
            <origin>0.5 0.5</origin>
            <path>./assets/circle2.svg</path>
            <tile>false</tile>
            <color>${backgroundColor}</color>
            <zIndex>3</zIndex>
        </image>
        
        <image name="topline9">
            <size>0.55 0.75</size>
            <pos>0.3 0.5</pos>
            <origin>0.5 0.5</origin>
            <path>./assets/circle2.svg</path>
            <tile>false</tile>
            <color>${backgroundColor}</color>
            <zIndex>3</zIndex>
        </image>
        <image name="controller">
            <pos>0.04 0.305</pos>
            <maxSize>0.07 0.07</maxSize>
          </image>
          <image name="controller1">
            <pos>0.04 0.695</pos>
            <maxSize>0.07 0.07</maxSize>
          </image>
    </view>

    <view name="gamelist">
        <image name="background3">
            <pos>0.565 0.96</pos>
            <size>0.45 0.04</size>
            <origin>0 0</origin>
            <path>./assets/box.png</path>
            <tile>false</tile>
            <color>${outlineColor1}</color>
            <zIndex>6</zIndex>
          </image>
        <carousel name="game_carousel">
			<pos>-.03 0</pos>
			<size>0.55 1.</size>
			<itemSize>0.2 0.15</itemSize>
			<imageType>none</imageType>
			<itemRotation>8</itemRotation>
			<type>verticalWheel</type>
			<itemScale>1.35</itemScale>
			<itemRotationOrigin>-4 0.5</itemRotationOrigin>
			<itemHorizontalAlignment>center</itemHorizontalAlignment>
			<unfocusedItemOpacity>0.3</unfocusedItemOpacity>
			<color>00000000</color>
			<textBackgroundColor>00000000</textBackgroundColor>
			<!-- Placeholder text -->
			<text>${system.fullName}</text>
			<textColor>${outlineColor1}</textColor>
			<fontPath>${mainFont}</fontPath>
			<fontSize>0.035</fontSize>
			<letterCase>none</letterCase>
			<lineSpacing>1</lineSpacing>
			<zIndex>50</zIndex>
		</carousel>

        <text name="collectionsSystemName">
            <fontSize>0.02</fontSize>
        </text>
        <image name="marquee">
            <pos>0.79 0.13</pos>
            <origin>0.5 0.5</origin>
            <maxSize>0.2 0.18</maxSize>
            <tile>true</tile>
            <tileSize>0 0.1</tileSize>
            <imageType>marquee</imageType>
            <zIndex>35</zIndex>
        </image>
        <image name="topline5">
            <size>1.2 2</size>
            <pos>1.44 0.5</pos>
            <rotation>180</rotation>
            <origin>0.5 0.5</origin>
            <path>./assets/circle.svg</path>
            <tile>false</tile>
            <color>${outlineColor1}</color>
            <zIndex>5</zIndex>
        </image>
        <text name="description1">
			<size>0.2 0.4</size>
            <origin>0 0</origin>
			<metadata>description</metadata>
			<fontPath>${mainFont}</fontPath>
			<verticalAlignment>bottom</verticalAlignment>
            <horizontalAlignment>center</horizontalAlignment>
			<fontSize>0.027</fontSize>
			<lineSpacing>1</lineSpacing>
			<color>${outlineColor1}</color>
			<pos>0.65 0.3</pos>
		</text>
        <text name="player1">
			<metadata>players</metadata>
			<fontPath>${mainFont}</fontPath>
			<fontSize>0.025</fontSize>
			<color>${outlineColor1}</color>

			<pos>0.78 0.22</pos>
		</text>
        <text name="player2">
            <text>Number of players:</text>
            <metadataElement>true</metadataElement>
            <fontPath>${mainFont}</fontPath>
            <fontSize>0.025</fontSize>
            <color>${outlineColor1}</color>
            <pos>0.66 0.22</pos>
        </text>
        <rating name="rating">
            <pos>0.78 0.26</pos>
            <size>0.08 0.025</size>
        </rating>
        <badges name="all">
            <pos>0.925 0.11</pos>
            <size>0.07 .9</size>
            </badges>
        <badges name="all2">
            <pos>0.9 0.35</pos>
            <size>0.1 .3</size>
        </badges>
    </view>
    <variant name="withoutVideo">
		<view name="gamelist">
			<image name="cover9">
				<pos>0.51 0.5</pos>
				<origin>.5 0.5</origin>
				<maxSize>.21 0.4</maxSize>
				<imageType>physicalmedia, screenshot</imageType>
				<zIndex>2</zIndex>
			</image>
		</view>
	</variant>
        
</theme>