<!--
   
-->

<theme>
	<include>./navigationsounds.xml</include>
	<include>./colors.xml</include>
	<include>./sysinfo/${system.theme}.xml</include>

	<aspectRatio name="4:3">
		<include>./4-3.xml</include>
	</aspectRatio>

	<aspectRatio name="16:10">
		<include>./16-10.xml</include>
	</aspectRatio>

	<aspectRatio name="21:9">
		<include>./21-9.xml</include>
	</aspectRatio>

	<variables>
		<mainFont>./assets/fonts/rost.otf</mainFont>
	</variables>

	<view name="system, gamelist">
		<image name="background">
			<pos>0 0</pos>
			<size>1 1</size>
			<origin>0 0</origin>
			<path>./assets/box.png</path>
			<tile>false</tile>
			<color>${backgroundColor}</color>
			<zIndex>0</zIndex>
		</image>
		<image name="background2">
			<pos>0.5 0</pos>
			<size>0.5 1</size>
			<origin>0.5 0</origin>
			<path>./assets/box.png</path>
			<tile>false</tile>
			<color>${outlineColor1}</color>
			<zIndex>0</zIndex>
		</image>
		<image name="background3">
			<pos>0.65 0.96</pos>
			<size>0.35 0.04</size>
			<origin>0 0</origin>
			<path>./assets/box.png</path>
			<tile>false</tile>
			<color>${outlineColor1}</color>
			<zIndex>4</zIndex>
		</image>


		<image name="topline">
			<size>0.8 2.2</size>
			<pos>0.007 0.5</pos>
			<origin>0.5 0.5</origin>
			<path>./assets/circle.svg</path>
			<tile>false</tile>
			<color>${outlineColor1}</color>
		</image>
		<image name="topline2">
			<size>0.8 2</size>
			<pos>-.28 0.5</pos>
			<origin>0.5 0.5</origin>
			<path>./assets/circle.svg</path>
			<tile>false</tile>
			<color>${outlineColor1}</color>
		</image>
		<image name="topline3">
			<size>0.6 1</size>
			<pos>0.3 0.5</pos>
			<origin>0.5 0.5</origin>
			<path>./assets/circle2.svg</path>
			<tile>false</tile>
			<color>${backgroundColor}</color>
			<zIndex>3</zIndex>
		</image>
		<image name="topline4">
			<size>0.8 2.2</size>
			<rotation>180</rotation>
			<pos>0.993 0.5</pos>
			<origin>0.5 0.5</origin>
			<path>./assets/circle.svg</path>
			<tile>false</tile>
			<color>${outlineColor1}</color>
		</image>

		<image name="topline6">
			<size>0.6 1</size>
			<rotation>180</rotation>
			<pos>0.7 0.5</pos>
			<origin>0.5 0.5</origin>
			<path>./assets/circle2.svg</path>
			<tile>false</tile>
			<color>${backgroundColor}</color>
			<zIndex>3</zIndex>
		</image>
		<image name="controller">
			<pos>0.043 0.305</pos>
			<maxSize>0.07 0.07</maxSize>
			<origin>0.5 0.5</origin>
			<path>./assets/controllers/${system.theme}.svg</path>
			<tile>false</tile>
			<color>${outlineColor1}</color>
			<zIndex>54</zIndex>
		</image>
		<image name="controller1">
			<pos>0.043 0.695</pos>
			<maxSize>0.07 0.08</maxSize>
			<origin>0.5 0.5</origin>
			<rotation>180</rotation>
			<path>./assets/controllers/${system.theme}.svg</path>
			<tile>false</tile>
			<color>${outlineColor1}</color>
			<zIndex>54</zIndex>
		</image>
		<helpsystem name="help">
			<pos>.995 0.9875</pos>
			<origin>1 1</origin>
			<textColor>${backgroundColor}</textColor>
			<textColorDimmed>${backgroundColor}</textColorDimmed>
			<iconColor>${backgroundColor}</iconColor>
			<iconColorDimmed>${backgroundColor}</iconColorDimmed>
			<fontPath>${mainFont}</fontPath>
			<fontSize>0.017</fontSize>
			<opacity>0.6</opacity>
			<letterCase>capitalize</letterCase>
		</helpsystem>
	</view>

	<view name="system">
		<carousel name="game_carousel">
			<pos>-.005 0</pos>
			<size>0.5 1.</size>
			<itemSize>0.12 0.1</itemSize>
			<itemRotation>8</itemRotation>
			<type>verticalWheel</type>
			<itemScale>2</itemScale>
			<staticImage>./assets/syslogo/${system.theme}.svg</staticImage>
			<imageColor>${outlineColor1}</imageColor>
			<itemRotationOrigin>-5 0.5</itemRotationOrigin>
			<systemNameSuffix>false</systemNameSuffix>
			<itemHorizontalAlignment>center</itemHorizontalAlignment>
			<unfocusedItemOpacity>0.3</unfocusedItemOpacity>
			<color>00000000</color>
			<textBackgroundColor>00000000</textBackgroundColor>
			<!-- Placeholder text -->
			<text>${system.fullName}</text>
			<textColor>${outlineColor1}</textColor>
			<fontPath>${mainFont}</fontPath>
			<fontSize>0.02</fontSize>
			<letterCase>none</letterCase>
			<lineSpacing>1</lineSpacing>
			<zIndex>50</zIndex>
		</carousel>
		<gameselector name="select">
			<selection>random</selection>
			<gameCount>3</gameCount>
			<!--<allowDuplicates>true</allowDuplicates>-->
		</gameselector>
		<text name="info1, info2, info3, info4, info5, info6, info7, info8, info9, info10">
			<size>0.4 0.03</size>
			<fontPath>${mainFont}</fontPath>
			<fontSize>0.028</fontSize>
			<horizontalAlignment>left</horizontalAlignment>
			<color>${outlineColor1}</color>
		</text>
		<text name="info1">
			<pos>0.631 0.32</pos>
		</text>
		<text name="info2">
			<pos>0.6295 0.36</pos>
		</text>
		<text name="info3">
			<pos>0.628 0.4</pos>
		</text>
		<text name="info4">
			<pos>0.6265 0.44</pos>
		</text>
		<text name="info5">
			<pos>0.625 0.48</pos>
		</text>
		<text name="info6">
			<pos>0.625 0.52</pos>
		</text>
		<text name="info7">
			<pos>0.6265 0.56</pos>
		</text>
		<text name="info8">
			<pos>0.628 0.6</pos>
		</text>
		<text name="info9">
			<pos>0.6295 0.64</pos>
		</text>
		<text name="info10">
			<pos>0.631 0.68</pos>
		</text>
		<text name="gamecount">
			<pos>0.03 0.5</pos>
			<origin>0.5 0.5</origin>
			<rotation>-90</rotation>
			<size>0.25 0.11</size>
			<systemdata>gamecountGames</systemdata>
			<fontPath>${mainFont}</fontPath>
			<fontSize>0.06</fontSize>
			<horizontalAlignment>center</horizontalAlignment>
			<color>${outlineColor1}</color>
		</text>
		<text name="gamecount2">
			<pos>0.06 0.5</pos>
			<origin>0.5 0.5</origin>
			<rotation>-90</rotation>
			<size>0.25 0.11</size>
			<systemdata>gamecountFavorites</systemdata>
			<fontPath>${mainFont}</fontPath>
			<fontSize>0.06</fontSize>
			<horizontalAlignment>center</horizontalAlignment>
			<color>${outlineColor1}</color>
		</text>
		<image name="cover1">
			<pos>0.5 0</pos>
			<origin>0.5 00</origin>
			<size>0.4 0.3</size>
			<tile>true</tile>
			<tileSize>0 0.1</tileSize>
			<imageType>screenshot</imageType>
			<gameselectorEntry>1</gameselectorEntry>
			<zIndex>2</zIndex>
		</image>

		<image name="cover2">
			<pos>0.5 0.3</pos>
			<origin>.5 0</origin>
			<size>.4 0.4</size>
			<tile>true</tile>
			<tileSize>0 0.1</tileSize>
			<imageType>screenshot</imageType>
			<gameselectorEntry>2</gameselectorEntry>
			<zIndex>2</zIndex>
		</image>
		<image name="cover3">
			<pos>0.5 0.7</pos>
			<origin>.5 0</origin>
			<size>.4 0.3</size>
			<tile>true</tile>
			<tileSize>0 0.1</tileSize>
			<imageType>screenshot</imageType>
			<gameselectorEntry>3</gameselectorEntry>
			<zIndex>3</zIndex>
		</image>

	</view>

	<view name="gamelist">
		<carousel name="game_carousel">
			<pos>-.03 0</pos>
			<size>0.55 1.</size>
			<itemSize>0.2 0.15</itemSize>
			<imageType>none</imageType>
			<itemRotation>5</itemRotation>
			<type>verticalWheel</type>
			<itemScale>1.35</itemScale>
			<itemRotationOrigin>-4 0.5</itemRotationOrigin>
			<systemNameSuffix>false</systemNameSuffix>
			<itemHorizontalAlignment>center</itemHorizontalAlignment>
			<unfocusedItemOpacity>0.3</unfocusedItemOpacity>
			<color>00000000</color>
			<textBackgroundColor>00000000</textBackgroundColor>
			<!-- Placeholder text -->
			<text>${system.fullName}</text>
			<textColor>${outlineColor1}</textColor>
			<fontPath>${mainFont}</fontPath>
			<fontSize>0.04</fontSize>
			<letterCase>none</letterCase>
			<lineSpacing>1</lineSpacing>
			<zIndex>50</zIndex>
		</carousel>
		<image name="topline5">
			<size>0.8 2</size>
			<pos>1.28 0.5</pos>
			<rotation>180</rotation>
			<origin>0.5 0.5</origin>
			<path>./assets/circle.svg</path>
			<tile>false</tile>
			<color>${outlineColor1}</color>
			<zIndex>4</zIndex>
		</image>
		<image name="cover1">
			<pos>0.5 0.15</pos>
			<origin>0.5 0.5</origin>
			<size>0.4 0.3</size>
			<tile>true</tile>
			<tileSize>0 0.1</tileSize>
			<imageType>fanart, titlescreen, physicalmedia, screenshot</imageType>
			<zIndex>2</zIndex>
		</image>
		<image name="marquee">
			<pos>0.785 0.12</pos>
			<origin>0.5 0.5</origin>
			<maxSize>0.25 0.24</maxSize>
			<tile>true</tile>
			<tileSize>0 0.1</tileSize>
			<imageType>marquee</imageType>
			<zIndex>35</zIndex>
		</image>
		<image name="cover3">
			<pos>0.5 0.7</pos>
			<origin>.5 0</origin>
			<size>.4 0.3</size>
			<tile>true</tile>
			<tileSize>0 0.1</tileSize>
			<imageType>screenshot</imageType>
			<zIndex>3</zIndex>
		</image>
		<image name="Syslogo">
			<path>./assets/syslogo/${system.theme}.svg</path>
			<pos>0.047 0.5</pos>
			<origin>0.5 0.5</origin>
			<rotation>-90</rotation>
			<maxSize>0.17 0.11</maxSize>
			<color>${outlineColor1}</color>
		</image>

		<text name="player1">
			<metadata>players</metadata>
			<fontPath>${mainFont}</fontPath>
			<fontSize>0.03</fontSize>
			<color>${outlineColor1}</color>
			<pos>0.74 0.24</pos>
		</text>
		<text name="player2">
			<text>Number of players:</text>
			<metadataElement>true</metadataElement>
			<fontPath>${mainFont}</fontPath>
			<fontSize>0.03</fontSize>
			<color>${outlineColor1}</color>
			<pos>0.635 0.24</pos>
		</text>
		<text name="description1">
			<size>0.26 0.4</size>
			<metadata>description</metadata>
			<fontPath>${mainFont}</fontPath>
			<fontSize>0.035</fontSize>
			<lineSpacing>1</lineSpacing>
			<verticalAlignment>bottom</verticalAlignment>
			<color>${outlineColor1}</color>
			<pos>0.63 0.5</pos>
			<origin>0 0.5</origin>
		</text>
		<text name="collectionsSystemName">
			<pos>0.07 0.5</pos>
			<origin>0.5 0.5</origin>
			<rotation>-90</rotation>
			<size>0.18 0.11</size>
			<systemNameSuffix>true</systemNameSuffix>
			<fontPath>${mainFont}</fontPath>
			<fontSize>0.03</fontSize>
			<horizontalAlignment>center</horizontalAlignment>
			<color>${outlineColor1}</color>
			<zIndex>50</zIndex>
		</text>
		<badges name="all">
			<pos>0.94 0.05</pos>
			<size>0.1 .9</size>
			<direction>column</direction>
			<lines>1</lines>
			<itemsPerLine>5</itemsPerLine>
			<slots>controller, completed, favorite, altemulator, kidgame</slots>
			<controllerPos>0.51 0.415</controllerPos>
			<controllerSize>0.85</controllerSize>
			<folderLinkSize>0.85 0.9</folderLinkSize>
			<folderLinkPos>0.47 0.48</folderLinkPos>
			<!--<badgeIconColor>${outlineColor1}</badgeIconColor>-->
			<customBadgeIcon badge="folder">./assets/badges/folder.png</customBadgeIcon>
			<customBadgeIcon badge="broken">./assets/badges/broken.png</customBadgeIcon>
			<customBadgeIcon badge="kidgame">./assets/badges/kid.png</customBadgeIcon>
			<customBadgeIcon badge="collection">./assets/badges/collect.png</customBadgeIcon>
			<customBadgeIcon badge="altemulator">./assets/badges/alt.png</customBadgeIcon>
			<customBadgeIcon badge="favorite">./assets/badges/fave.png</customBadgeIcon>
			<customBadgeIcon badge="completed">./assets/badges/complete.png</customBadgeIcon>
			<customBadgeIcon badge="controller">./assets/badges/control.png</customBadgeIcon>
		</badges>
		<badges name="all2">
			<pos>0.91 0.35</pos>
			<size>0.1 .3</size>
			<direction>column</direction>
			<lines>1</lines>
			<itemsPerLine>2</itemsPerLine>
			<slots>collection, folder</slots>
			<controllerPos>0.51 0.415</controllerPos>
			<controllerSize>0.85</controllerSize>
			<folderLinkSize>0.85 0.9</folderLinkSize>
			<folderLinkPos>0.47 0.48</folderLinkPos>
			<!--<folderLinkIconColor>${backgroundColor}</folderLinkIconColor>-->
			<customFolderLinkIcon>./assets/badges/link.png</customFolderLinkIcon>
			<!--<badgeIconColor>${outlineColor1}</badgeIconColor>-->
			<customBadgeIcon badge="folder">./assets/badges/folder.png</customBadgeIcon>
			<customBadgeIcon badge="broken">./assets/badges/broken.png</customBadgeIcon>
			<customBadgeIcon badge="kidgame">./assets/badges/kid.png</customBadgeIcon>
			<customBadgeIcon badge="collection">./assets/badges/collect.png</customBadgeIcon>
			<customBadgeIcon badge="altemulator">./assets/badges/alt.png</customBadgeIcon>
			<customBadgeIcon badge="favorite">./assets/badges/fave.png</customBadgeIcon>
			<customBadgeIcon badge="completed">./assets/badges/complete.png</customBadgeIcon>
			<customBadgeIcon badge="controller">./assets/badges/control.png</customBadgeIcon>
		</badges>
		<rating name="rating">
			<pos>0.815 0.245</pos>
			<size>0.08 0.03</size>
			<interpolation>nearest</interpolation>
			<color>${outlineColor1}</color>
			<filledPath>./assets/rating_filled.svg</filledPath>
			<unfilledPath>./assets/rating_empty.svg</unfilledPath>
		</rating>
	</view>
	<variant name="withVideo">
		<view name="gamelist">

			<video name="cover9">
				<pos>0.5 0.5</pos>
				<origin>.5 0.5</origin>
				<maxSize>.4 0.4</maxSize>
				<imageType>physicalmedia, screenshot</imageType>
				<zIndex>2</zIndex>
			</video>
		</view>
	</variant>
	<variant name="withoutVideo">
		<view name="gamelist">
			<image name="cover9">
				<pos>0.5 0.5</pos>
				<origin>.5 0.5</origin>
				<maxSize>.21 0.4</maxSize>
				<imageType>physicalmedia, screenshot</imageType>
				<zIndex>2</zIndex>
			</image>
		</view>
	</variant>
</theme>